;;;;;;;
;;DOSS - Ejemplo de chekclist de verificación de desarrollo de proyecto;;;;;
;;Curso 2025 . 26 - Leganes;;;;;
;;Abril 2026;;;;;
;;;;;;;
;ID;Pregunta / Check de Comprobación;"Referencia a documento de especificación 
(Apartado / Página)";SI;NO;EVIDENCIA;COMENTARIOS
;1;¿El sistema permite definir alertas sobre una palabra clave?;G. Alertas (pág. 2) ;;;;
;2;¿Recomienda el sistema entre 3 y 10 sinónimos o palabras relacionadas?;G. Alertas (pág. 4) ;;;;
;3;¿Se limita el número máximo de alertas por gestor a 20?;G. Alertas (pág. 4) ;;;;
;4;¿Permite el usuario seleccionar fuentes/canales RSS específicos para la alerta?;G. Alertas (pág. 2) ;;;;
;5;¿Se asigna a la alerta una categoría del primer nivel de IPTC Media Topics?;G. Alertas (pág. 3) ;;;;
;6;¿La monitorización de la alerta se ejecuta mediante una expresión cron?;G. Alertas (pág. 3) ;;;;
;7;¿Las noticias detectadas se clasifican según la categoría de la alerta o fuente?;Clasif. Info (pág. 3) ;;;;
;8;¿Se envía un correo electrónico al detectar una noticia coincidente?;G. Notific. (pág. 4) ;;;;
;9;¿Se envía un mensaje al buzón interno de la aplicación?;G. Notific. (pág. 4) ;;;;
;10;"¿El título del correo sigue el formato ""Actualización de [alerta] en [día/hora]""?";G. Notific. (pág. 4) ;;;;
;11;¿El contenido de la notificación incluye el resumen que aparece en el RSS?;G. Notific. (pág. 4) ;;;;
;12;¿El sistema permite dar de alta canales RSS asociados a un medio?;G. Fuentes (pág. 4) ;;;;
;13;¿Cuenta el sistema con un mínimo inicial de 100 canales RSS?;G. Fuentes (pág. 4) ;;;;
;14;¿Están representados al menos 10 medios de comunicación diferentes?;G. Fuentes (pág. 4) ;;;;
;15;¿Existen canales para todas las categorías de primer nivel de IPTC?;G. Fuentes (pág. 4) ;;;;
;16;"¿Están definidos claramente los roles de ""Gestor"" y ""Lector""?";G. Usuarios (pág. 4) ;;;;
;17;"¿El rol ""Lector"" tiene bloqueada la gestión de alertas?";G. Usuarios (pág. 3) ;;;;
;18;¿Se solicitan email, nombre, apellidos y organización en el registro?;G. Usuarios (pág. 4) ;;;;
;19;¿Se envía un correo de verificación al darse de alta un usuario?;G. Usuarios (pág. 4) ;;;;
;20;¿Caduca el enlace de verificación de usuario a las 24 horas?;G. Usuarios (pág. 4) ;;;;
;21;¿Existe un usuario administrador inicial para asignar roles?;G. Usuarios (pág. 5) ;;;;
;22;¿Incluye el panel de mando nubes de palabras por categoría?;Visualización (pág. 3) ;;;;
;23;¿Se muestra el número total de noticias en las estadísticas globales?;Visualización (pág. 3) ;;;;
;24;¿Se desglosa el número de alertas por categoría en el panel?;Visualización (pág. 3) ;;;;
;25;¿Permite la interfaz cambiar entre idioma Español e Inglés?;Visualización (pág. 5) ;;;;
;26;¿Se ofrece toda la información a través de una API REST?;API (pág. 5) ;;;;
;27;¿Está la API documentada siguiendo el estándar OpenAPI?;API (pág. 5) ;;;;
;28;¿La API implementa el endpoint de salud GET /api/v1/health?;Anexo I (pág. 10) ;;;;
;29;¿El sistema de gestión de datos almacena tanto noticias como entidades?;Tecno (pág. 5) ;;;;
;30;¿El código fuente completo está en el repositorio de GitHub?;Repositorio (pág. 7) ;;;;
;31;¿La documentación del repositorio está en formato Markdown?;Repositorio (pág. 7) ;;;;
;32;¿Se han incluido los ADRs en la carpeta /docs/adr?;Repositorio (pág. 7) ;;;;
;33;¿Existen diagramas de arquitectura en el repositorio?;Repositorio (pág. 7) ;;;;
;34;¿Se han automatizado las pruebas unitarias y funcionales?;DevOps (pág. 6) ;;;;
;35;¿Se utiliza un pipeline de GitHub Actions para el despliegue?;DevOps (pág. 6) ;;;;
;36;¿Se proporcionan métricas de calidad de código (ej. SonarQube)?;DevOps (pág. 7) ;;;;
;37;¿Puede el sistema desplegarse automáticamente en una máquina limpia?;DevOps (pág. 6) ;;;;
;38;¿Se genera automáticamente un informe de cobertura de pruebas?;Automatiz (pág. 7) ;;;;
;39;¿Existe trazabilidad documentada entre requisitos y código?;Entregables (pág. 8) ;;;;
;40;¿Se incluye el registro de los prompts de IA utilizados?;Entregables (pág. 8) ;;;;
