;;DOSS - Ejemplo de chekclist de verificación de desarrollo de proyecto;;;;;
;;Curso 2025 . 26 - Leganes;;;;;
;;Abril 2026;;;;;
;;;;;;;
;ID;PREGUNTA;ÁMBITO;SI;NO;EVIDENCIA;COMENTARIOS
;1;¿Se gestionan los requisitos de alguna manera? Ej: issues, en MSExcel, etc.;ESPECIFICACIÓN;;;;
;2;¿Se han añadido requisitos?;ESPECIFICACIÓN;;;;
;3;¿Se han especificado casos de uso?;ESPECIFICACIÓN;;;;
;4;¿Se han especificado historias de usuario?;ESPECIFICACIÓN;;;;
;5;¿Se ha especificado una arquitectura?;ARQUITECTURA;;;;
;6;¿La arquitectura está documentada?;ARQUITECTURA;;;;
;7;¿Se tiene un diagrama de bloques de arquitectura?;ARQUITECTURA;;;;
;8;¿Se tiene algún diagrama de flujo, secuencia, etc.?;ARQUITECTURA;;;;
;9;¿Se tiene algún diagrama de arquitectura física?;ARQUITECTURA;;;;
;10;¿Se ha realizado algún tipo de planificación?;PLANIFICACIÓN;;;;
;11;¿Se han definido roles de los miembros?;PLANIFICACIÓN;;;;
;12;¿Se han definido sprints o similar? Ej: milestones en GITHUB;PLANIFICACIÓN;;;;
;13;¿Se han definido historias de usuario?;PLANIFICACIÓN;;;;
;14;¿Se han definido los requisitos como issues o similar?;PLANIFICACIÓN;;;;
;15;¿Se han definido tareas para la implementación de requisitos?;PLANIFICACIÓN;;;;
;16;¿Se actualiza la información en la herramienta de gestión?;PLANIFICACIÓN;;;;
;17;¿Se tiene todo lo relevante: documentación y código bajo control de versiones?;PLANIFICACIÓN;;;;
;18;¿Se tiene alguna distribución en ramas o similar?;PLANIFICACIÓN;;;;
;19;¿Se tiene montado el  API?;DESARROLLO;;;;
;20;¿Se ha avanzado en el desarrollo de los componentes?;DESARROLLO;;;;
;21;¿Se han definido pruebas unitarias?;CI;;;;
;22;¿Se han definido pruebas funcionales?;CI;;;;
;23;¿Existe una forma de construcción automática?;CI;;;;
;24;¿Se ejecutan las pruebas en modo pipeline antes del despliegue?;CI;;;;
;25;¿Se tiene automatizado el despliegue? Puede ser desde el VS;CD;;;;
;26;¿Se realiza alguna prueba para verificar que las cosas se han desplegado bien?;CD;;;;
